chr	integration_locus	strand	Tissue_Sample_TimePoint_MetadaField2_MetadaField1	all
11	64537168	-	142	142
16	28497498	-	12	12
17	2032352	-	119	119
17	47732339	-	121	121
19	1740571	-	1	1
2	24546571	-	109	109
2	73762398	-	107	107
20	53962652	-	1	1
3	45920109	-	1	1
8	8866486	+	315	315